Category,Date,Cost,What,"Notes (Check Number, etc.)"
Rent,"Thursday, January 01, 2026","$1,655.57",Greystar; Dry Creek Apartments,debit joint
Gas bill,"Thursday, January 01, 2026",$29.18,Dominion Energy,debit Silvia
,"Monday, January 05, 2026",$10.00,Zelle to Jazmin,debit Silvia
Subscriptions,"Thursday, January 01, 2026",$21.48,Nintendo; annual online subscription,credit card
Gas car,"Thursday, January 01, 2026",$9.59,Maverik,credit card
Restaraunts,"Friday, January 02, 2026",$30.57,Rancheritos,credit card
,"Saturday, January 03, 2026",$6.45,Michaels,credit card
Groceries,"Saturday, January 03, 2026",$22.59,Target,credit card
Gas car,"Saturday, January 03, 2026",$31.81,Sams gas,credit card
,"Saturday, January 03, 2026",$7.52,Five Below,credit card
Mexico Trip,"Sunday, January 04, 2026",$14.99,Delta Air Lines,credit card
Mexico Trip,"Sunday, January 04, 2026",$14.99,Delta Air Lines,credit card
Mexico Trip,"Sunday, January 04, 2026",$90.03,Delta Air Lines,credit card
Groceries,"Tuesday, January 06, 2026",$25.35,Walgreens,credit card
Restaraunts,"Monday, January 05, 2026",$42.15,Black Bear Diner,credit card
Car Loan,"Wednesday, January 07, 2026",$500.00,America First Credit Union; car loan,debit joint
Groceries,"Wednesday, January 07, 2026",$13.36,Trader Joe's,credit card
Groceries,"Thursday, January 08, 2026",$3.25,Target,credit card
Restaraunts,"Saturday, January 10, 2026",$41.10,Chuck-A-Rama,credit card
Groceries,"Sunday, January 11, 2026",$6.99,Walgreens,credit card
Groceries,"Sunday, January 11, 2026",$33.40,Sams,credit card
Groceries,"Thursday, January 08, 2026",$43.84,Costco,debit joint
Uber,"Wednesday, January 07, 2026",$1.02,Lyft,debit Silvia
Uber,"Friday, January 09, 2026",$12.13,Lyft,debit Silvia
Gas car,"Monday, January 12, 2026",$31.49,Sams gas,credit card
Restaraunts,"Tuesday, January 13, 2026",$25.82,Los Tapatios; 2 for 1 Taco Tuesday,credit card
Restaraunts,"Thursday, January 15, 2026",$11.60,Betos,credit card
Restaraunts,"Wednesday, January 14, 2026",$7.58,Little Caesars,credit card
Groceries,"Friday, January 16, 2026",$30.00,Walgreens,credit card
Restaraunts,"Thursday, January 15, 2026",$18.40,Gourmandise; raspberry eclair and fruit mini cheesecake,credit card
Uber,"Monday, January 12, 2026",$12.64,Lyft,debit Silvia
Uber,"Wednesday, January 14, 2026",$5.14,Lyft,debit Silvia
Uber,"Friday, January 16, 2026",$27.96,Lyft,debit Silvia
Car Loan,"Tuesday, January 27, 2026",$250.00,America First Credit Union; car loan scheduled 1/26/26,debit joint
Christmas presents,"Saturday, January 17, 2026",$58.57,FedEx; box to TX,credit card
Restaraunts,"Saturday, January 17, 2026",$14.94,Nothing Bundt Cake; 2 bundtlets Biscoff and non-gluten lemon raspberry,credit card
Groceries,"Monday, January 19, 2026",$2.77,Walgreens,credit card
Dog Food,"Monday, January 19, 2026",$50.00,IFA; 40 lb dog food,credit card
Dog Stuff,"Monday, January 19, 2026",$26.42,"IFA; stick treats, something else",credit card
Restaraunts,"Monday, January 19, 2026",$22.45,Chipotle,credit card
Groceries,"Tuesday, January 20, 2026",$20.34,Walmart,credit card
Gas car,"Tuesday, January 20, 2026",$29.66,Sams gas,credit card
Mexico Trip,"Friday, January 23, 2026",$35.00,Delta Air Lines,credit card
Mexico Trip,"Friday, January 23, 2026",$22.64,Giftology; 2 jars honey presents,credit card
Mexico Trip,"Friday, January 23, 2026",$9.55,Hudson News; airport water and granola bar,credit card
Mexico Trip,"Friday, January 23, 2026",$12.44,Whataburger,credit card
Mexico Trip,"Friday, January 23, 2026",$92.70,H-E-B Grocery,credit card
Miscellaneous,"Thursday, January 22, 2026",$14.24,Dollar Tree,credit card
Pet Insurance,"Friday, January 23, 2026",$37.51,Spot Pet Insurance,credit card
Miscellaneous,"Saturday, January 17, 2026",$9.41,Home Depot; 2 boxes,debit joint
Restaraunts,"Thursday, January 22, 2026",$5.19,Costco; dinner,debit joint
Miscellaneous,"Thursday, January 22, 2026",$159.91,Costco; stuff for trip and some groceries,debit joint
Phone bill initial,"Saturday, January 17, 2026",$240.31,Tmobile,debit Silvia
Uber,"Tuesday, January 20, 2026",$6.36,Lyft,debit Silvia
Uber,"Wednesday, January 21, 2026",$8.73,Lyft,debit Silvia
Restaraunts,"Thursday, January 22, 2026",$9.73,Costco; dinner,debit Silvia
,"Saturday, January 24, 2026",$13.97,Target,credit card
Mexico Trip,"Saturday, January 24, 2026",$39.87,H-E-B Grocery,credit card
Groceries,"Saturday, January 24, 2026",$77.55,Sams,credit card
Miscellaneous,"Sunday, January 25, 2026",$16.11,Best Buy; wrong ipad charging cord,credit card
Mexico Trip,"Tuesday, January 27, 2026",$30.28,Nike,credit card
Groceries,"Monday, January 26, 2026",$14.23,Walmart,credit card
Mexico Trip,"Monday, January 26, 2026",$87.23,BUC-EE'S,credit card
Mexico Trip,"Monday, January 26, 2026",$25.92,Victoria's Secret,credit card
Mexico Trip,"Monday, January 26, 2026",$26.95,Victoria's Secret,credit card
Mexico Trip,"Tuesday, January 27, 2026",$39.02,ExxonMobil; gas,credit card
Mexico Trip,"Friday, January 30, 2026",$49.68,COM RAP EL BRONCO,credit card
Mexico Trip,"Thursday, January 29, 2026",$87.65,FLORERIA VARGAS; flowers for funeral,credit card
Groceries,"Monday, January 26, 2026",$46.42,Smiths,debit joint
,"Monday, January 26, 2026",$40.00,Venmo,debit Silvia
,"Tuesday, January 27, 2026",$200.00,Venmo,debit Silvia
Groceries,"Thursday, January 01, 2026",$4.11,Walgreens,Apple card
Groceries,"Friday, January 02, 2026",$30.02,Walgreens,Apple card
Miscellaneous,"Saturday, January 03, 2026",$15.35,Five Below,Apple card
Restaraunts,"Sunday, January 04, 2026",$2.95,Sonic,Apple card
Restaraunts,"Monday, January 05, 2026",$15.00,Starbucks,Apple card
Restaraunts,"Tuesday, January 06, 2026",$8.68,Wendy's,Apple card
Miscellaneous,"Sunday, January 11, 2026",$2.50,MASABI,Apple card
Groceries,"Sunday, January 11, 2026",$8.10,Target,Apple card
Groceries,"Sunday, January 11, 2026",$2.29,Target,Apple card
Subscriptions,"Friday, January 16, 2026",$9.99,Apple,Apple card
Miscellaneous,"Friday, January 16, 2026",$2.50,MASABI,Apple card
Restaraunts,"Saturday, January 17, 2026",$21.69,Cafe Rio,Apple card
Restaraunts,"Sunday, January 18, 2026",$24.93,Buffalo Wild Wings,Apple card
Restaraunts,"Monday, January 19, 2026",$2.53,Sonic,Apple card
Miscellaneous,"Tuesday, January 20, 2026",$2.50,MASABI,Apple card
Subscriptions,"Wednesday, January 21, 2026",$2.14,Apple,Apple card
Miscellaneous,"Wednesday, January 21, 2026",$2.50,MASABI,Apple card
Subscriptions,"Wednesday, January 21, 2026",$13.97,Disney plus,Apple card
Beauty,"Thursday, January 22, 2026",$14.30,Brow Spa 24,Apple card
Miscellaneous,"Thursday, January 22, 2026",$1.34,Dollar Tree,Apple card
Restaraunts,"Saturday, January 24, 2026",$15.00,Starbucks,Apple card
Mexico Trip,"Saturday, January 24, 2026",$8.43,H-E-B Grocery,Apple card
Subscriptions,"Sunday, January 25, 2026",$4.29,Blink; subscription,Apple card
Subscriptions,"Monday, January 26, 2026",$10.99,Apple,Apple card
Restaraunts,"Tuesday, January 27, 2026",$15.00,Starbucks,Apple card
Mexico Trip,"Tuesday, January 27, 2026",$5.96,TXB,Apple card
Mexico Trip,"Friday, January 30, 2026",$14.64,OXXO SAN MARTIN LOV,credit card
Gas car,"Saturday, January 31, 2026",$32.41,Sams gas,credit card
Restaraunts,"Saturday, January 31, 2026",$15.94,Panda Express,credit card
Rent,"Thursday, January 01, 2026","$1,661.73",Greystar; Dry Creek Apartments,debit joint
Mexico Trip,"Monday, February 02, 2026",$30.81,Bodega Sabinas,credit card
Mexico Trip,"Monday, February 02, 2026",$19.05,Super Gutierrez,credit card
Mexico Trip,"Tuesday, February 03, 2026",$19.84,Farmacia Similares,credit card
Mexico Trip,"Tuesday, February 03, 2026",$15.01,JG Ferreteria,credit card
Mexico Trip,"Tuesday, February 03, 2026",$11.54,Ferrefer,credit card
Mexico Trip,"Tuesday, February 03, 2026",$16.21,Farmacia Similares,credit card
Mexico Trip,"Sunday, February 01, 2026",$99.90,Delta Air Lines; changed return flight to 2-22,credit card
Electricity bill,"Tuesday, February 03, 2026",$34.96,Rocky Mountain Power,debit Preston
Car Loan,"Saturday, February 07, 2026",$250.00,America First Credit Union; car loan,debit joint
Mexico Trip,"Friday, February 06, 2026",$26.09,OXXO Santos LOV,credit card
Mexico Trip,"Thursday, February 05, 2026",$33.90,Super Gutierrez,credit card
Mexico Trip,"Wednesday, February 04, 2026",$26.46,Com Rap el Bronco,credit card
Gas bill,"Thursday, February 05, 2026",$44.14,Dominion Energy,debit Silvia
Mexico Trip,"Sunday, February 08, 2026",$7.30,La Tiendita,credit card
Mexico Trip,"Sunday, February 08, 2026",$51.84,Com Rap el Bronco,credit card
Mexico Trip,"Monday, February 09, 2026",$48.85,Chilanga Norteno,credit card
Restaraunts,"Saturday, February 07, 2026",$10.04,Sonic,credit card
Groceries,"Sunday, February 08, 2026",$72.19,Smiths,credit card
Mexico Trip,"Tuesday, February 10, 2026",$6.26,Papeleria amidstad,credit card
Mexico Trip,"Wednesday, February 11, 2026",$65.55,ABTS CRAMOS UNIV,credit card
Mexico Trip,"Wednesday, February 11, 2026",$115.12,ABTS CRAMOS UNIV,credit card
Restaraunts,"Wednesday, February 11, 2026",$14.40,Pho Saigon Noodle House; small pho,credit card
Mexico Trip,"Wednesday, February 11, 2026",$10.51,Helados Amorino,credit card
Mexico Trip,"Wednesday, February 11, 2026",$41.97,Abarr botanas el socio,credit card
Mexico Trip,"Wednesday, February 11, 2026",$37.03,Super Gutierrez,credit card
Mexico Trip,"Tuesday, February 10, 2026",$29.57,Soriana583 Sabinas,credit card
Mexico Trip,"Friday, February 13, 2026",$36.09,Super Gutierrez,credit card
Gas car,"Thursday, February 12, 2026",$35.45,Sams gas,credit card
Mexico Trip,"Monday, February 16, 2026",$2.56,OXXO La Madrid,credit card
Mexico Trip,"Monday, February 16, 2026",$39.15,Farmacia Similares,credit card
Restaraunts,"Tuesday, February 17, 2026",$19.52,Via 313,credit card
Beauty,"Saturday, February 14, 2026",$7.47,Bath and Body Works; tiana body spray,credit card
Restaraunts,"Saturday, February 14, 2026",$53.86,Tushar Brazilian Express; 2 buffets,credit card
Restaraunts,"Monday, February 16, 2026",$5.19,Costco; chicken bake and drink,debit joint
Groceries,"Monday, February 16, 2026",$29.75,Costco; protien bars and fruit nut packs,debit joint
Miscellaneous,"Saturday, February 14, 2026",$5.00,Trax,cash
Birthday Gifts,"Monday, February 16, 2026",$40.00,Mulligans; gift card Braden Bday,cash
Birthday Gifts,"Monday, February 16, 2026",$5.00,5 Below; jewelry box Aubrey Bday,cash
Birthday Gifts,"Monday, February 16, 2026",$2.00,Dollar Tree; 2 birthday cards,cash
Miscellaneous,"Monday, February 16, 2026",$4.00,5 Below; 4 pool noodles,cash
Mexico Trip,"Tuesday, February 17, 2026",$26.82,Ferrefer,credit card
Mexico Trip,"Tuesday, February 17, 2026",$11.40,OXXO,credit card
Mexico Trip,"Tuesday, February 17, 2026",$9.79,Farmacia Similares,credit card
Mexico Trip,"Thursday, February 19, 2026",$23.34,Com Rap el Bronco,credit card
Mexico Trip,"Thursday, February 19, 2026",$36.29,Farm Guadalajara,credit card
Mexico Trip,"Thursday, February 19, 2026",$86.29,Farmacia Similares,credit card
Mexico Trip,"Friday, February 20, 2026",$23.47,H-E-B Grocery,credit card
Mexico Trip,"Friday, February 20, 2026",$8.66,Express 57 y Griega,credit card
Dog Stuff,"Friday, February 20, 2026",$20.42,Petsmart; nail trim and buff,credit card
Mexico Trip,"Saturday, February 21, 2026",$11.00,Pingo de mel brazi,credit card
Mexico Trip,"Friday, February 20, 2026",$38.40,whataburger,credit card
Mexico Trip,"Saturday, February 21, 2026",$24.82,sp feliz modern,credit card
Mexico Trip,"Saturday, February 21, 2026",$2.99,pullman market,credit card
Mexico Trip,"Saturday, February 21, 2026",$24.91,pullman market,credit card
Mexico Trip,"Saturday, February 21, 2026",$17.79,Tinkerman Leatherwo,credit card
Mexico Trip,"Saturday, February 21, 2026",$10.88,Trader Joe's,credit card
Restaraunts,"Friday, February 20, 2026",$12.46,Taco Bell,credit card
Groceries,"Saturday, February 21, 2026",$17.70,Smiths,credit card
Mexico Trip,"Sunday, February 22, 2026",$10.67,whataburger,credit card
Restaraunts,"Saturday, February 21, 2026",$12.20,Zao,credit card
Mexico Trip,"Sunday, February 22, 2026",$35.00,Delta Air Lines; checked bag return flight,credit card
Mexico Trip,"Sunday, February 22, 2026",$5.00,SLC airport parking,credit card
Pet Insurance,"Monday, February 23, 2026",$37.51,Spot Pet,credit card
Groceries,"Monday, February 23, 2026",$6.06,Target,credit card
Groceries,"Tuesday, February 24, 2026",$6.06,Walgreens,credit card
Gas car,"Tuesday, February 24, 2026",$35.21,Sams gas,credit card
Dentist,"Wednesday, February 25, 2026",$24.20,Alta Canyon Dental; Preston filling,credit card
Restaraunts,"Thursday, February 26, 2026",$35.19,Shake Shack,credit card
Restaraunts,"Friday, February 27, 2026",$21.91,K-Recipe,credit card
Restaraunts,"Friday, February 27, 2026",$23.90,Halgatteok; rose ttebokki with cheese and veggie tempura,credit card
Miscellaneous,"Saturday, February 28, 2026",$5.00,The Library Store,credit card
Restaraunts,"Saturday, February 28, 2026",$6.57,Argentia's Best Empanadas,credit card
Miscellaneous,"Saturday, February 28, 2026",$4.50,SLC library parking,credit card
Dog Stuff,"Saturday, February 28, 2026",$5.39,Rocky Mountain Bul; dog chew,credit card
,"Saturday, February 28, 2026",$11.00,Brilliant products,credit card
Groceries,"Thursday, February 19, 2026",$33.20,Walmart,debit joint
Groceries,"Saturday, February 21, 2026",$24.14,Trader Joe's,debit joint
Groceries,"Thursday, February 26, 2026",$143.67,Costco,debit joint
Phone bill initial,"Thursday, February 19, 2026",$288.51,Tmobile,debit Silvia
Mexico Trip,"Monday, February 23, 2026",$16.00,Zelle to Abbie,debit Silvia
Restaraunts,"Thursday, February 26, 2026",$3.25,Costco,debit Silvia
Subscriptions,"Monday, February 16, 2026",$9.99,Apple,Apple card
Subscriptions,"Wednesday, February 18, 2026",$10.42,Apple,Apple card
Subscriptions,"Saturday, February 21, 2026",$13.97,Disney plus,Apple card
Miscellaneous,"Monday, February 23, 2026",$2.50,MASABI,Apple card
Restaraunts,"Tuesday, February 24, 2026",$15.00,Starbucks,Apple card
Restaraunts,"Tuesday, February 24, 2026",$7.05,Sonic,Apple card
Subscriptions,"Wednesday, February 25, 2026",$4.29,Blink,Apple card
Subscriptions,"Thursday, February 26, 2026",$10.99,Apple,Apple card
Rent,"Sunday, March 01, 2026","$1,671.28",Dry Creek Apartments; Greystar,debit joint
,"Sunday, March 01, 2026",$11.82,T J Maxx,credit card
Gas car,"Sunday, March 01, 2026",$29.60,Sams gas,credit card
Groceries,"Sunday, March 01, 2026",$99.81,Smiths,credit card
Groceries,"Sunday, March 01, 2026",$14.46,Target,credit card
,"Monday, March 02, 2026",$5.36,Ross,credit card
Tax prep,"Monday, March 02, 2026",$204.00,H and R Block,credit card
Restaraunts,"Monday, March 02, 2026",$15.69,Mr Charlies Chicken,credit card
,,$12.00,Venmo,debit Silvia
Uber,"Monday, March 02, 2026",$8.68,Lyft,debit Silvia
Electricity bill,"Monday, March 02, 2026",$25.08,Rocky Mountain Power,debit Preston
Car Loan,"Tuesday, March 17, 2026",$250.00,America First Credit Union; car loan,debit joint
Restaraunts,"Thursday, March 05, 2026",$9.41,Sonic,credit card
Birthday Gifts,"Saturday, March 07, 2026",$2.68,Old Navy; T-shirt Parker bday,credit card
Miscellaneous,"Saturday, March 07, 2026",$28.71,Krispy Kreme; 2 dozen for Aubrey baptism lunch,credit card
,"Saturday, March 07, 2026",$41.88,Marshalls,credit card
Groceries,"Sunday, March 08, 2026",$2.89,Urban Groceries; hot cheetos,credit card
Restaraunts,"Tuesday, March 10, 2026",$16.91,Chick-Fil-A,credit card
Restaraunts,"Wednesday, March 11, 2026",$6.79,McDonalds,credit card
Restaraunts,"Wednesday, March 11, 2026",$23.91,Chipotle,credit card
Gas car,"Thursday, March 12, 2026",$40.59,Sams gas,credit card
Groceries,"Friday, March 13, 2026",$12.13,Walgreens,credit card
,"Saturday, March 14, 2026",$17.35,Lush,credit card
,"Saturday, March 14, 2026",$10.85,The English Garden,credit card
Restaraunts,"Saturday, March 14, 2026",$18.00,Red Robin; Andrew's bday dinner,credit card
Groceries,"Sunday, March 15, 2026",$16.48,The Salted Roots; infused sugar,credit card
Dog Stuff,"Sunday, March 15, 2026",$25.84,Companion Bites; dog treats,credit card
Restaraunts,"Sunday, March 15, 2026",$14.50,Mecca Bar Co,credit card
Restaraunts,"Sunday, March 15, 2026",$5.03,La Cubana,credit card
Beauty,"Sunday, March 15, 2026",$12.76,Torrid; necklace,credit card
Restaraunts,"Sunday, March 15, 2026",$84.00,Kou BBQ; includes tip,credit card
Birthday Gifts,"Saturday, March 14, 2026",$2.59,Dollar Tree; birthday card with 50 cash back,debit card
Birthday Gifts,"Saturday, March 14, 2026",$30.00,To Andrew for bday,cash
Uber,"Wednesday, March 04, 2026",$14.73,Lyft,debit Silvia
Gas bill,"Thursday, March 05, 2026",$39.03,Dominion Energy,debit Silvia
Uber,"Tuesday, March 10, 2026",$8.95,Lyft,debit Silvia
Uber,"Wednesday, March 11, 2026",$6.95,Lyft,debit Silvia
,"Sunday, March 15, 2026",$50.00,Zelle to Ariana,debit Silvia
Groceries,"Tuesday, March 17, 2026",$3.08,Walgreens,credit card
Groceries,"Monday, March 16, 2026",$28.26,Trader Joe's,credit card
Groceries,"Tuesday, March 17, 2026",$42.04,Walmart,debit joint
,"Monday, March 16, 2026",$18.00,Venmo,debit Silvia
,"Monday, March 16, 2026",$15.00,Venmo,debit Silvia
,"Monday, March 16, 2026",$12.00,Venmo,debit Silvia
,"Monday, March 16, 2026",$10.00,Venmo,debit Silvia
,"Monday, March 16, 2026",$10.00,Venmo,debit Silvia
,"Monday, March 16, 2026",$7.00,Venmo,debit Silvia
Uber,"Monday, March 16, 2026",$0.38,Lyft,debit Silvia
Phone bill initial,"Tuesday, March 17, 2026",$268.12,Tmobile,debit Silvia
Clothing,"Sunday, March 01, 2026",$25.78,Torrid,Apple card
Restaraunts,"Sunday, March 01, 2026",$18.21,Taco Bell,Apple card
Restaraunts,"Wednesday, March 04, 2026",$13.63,McDonald's,Apple card
Restaraunts,"Saturday, March 07, 2026",$31.54,Senor Pollo,Apple card
Miscellaneous,"Monday, March 09, 2026",$2.50,MASABI,Apple card
Restaraunts,"Tuesday, March 10, 2026",$18.43,Chili's,Apple card
Miscellaneous,"Thursday, March 12, 2026",$5.00,MASABI,Apple card
Subscriptions,"Thursday, March 12, 2026",$2.40,Disney plus; upgrade to no ads,Apple card
Restaraunts,"Saturday, March 14, 2026",$10.29,Sonic,Apple card
Subscriptions,"Monday, March 16, 2026",$9.99,Apple,Apple card
Groceries,"Friday, March 20, 2026",$5.96,Walgreens,credit card
Restaraunts,"Wednesday, March 18, 2026",$15.15,Little Caesars,credit card
Groceries,"Thursday, March 19, 2026",$60.34,Sams,credit card
Groceries,"Thursday, March 19, 2026",$28.87,Trader Joe's,credit card
Gas car,"Thursday, March 19, 2026",$48.21,Sams gas,credit card
Miscellaneous,"Wednesday, March 25, 2026",$132.00,Sandy City; speeding ticket for 5 over,credit card
Uber,"Thursday, March 26, 2026",$26.97,Lyft,debit Silvia
Miscellaneous,"Saturday, March 21, 2026",$5.40,the Other,credit card
Dog Stuff,"Saturday, March 21, 2026",$29.71,Petco,credit card
Groceries,"Sunday, March 22, 2026",$11.56,Target,credit card
Pet Insurance,"Monday, March 23, 2026",$37.51,Spot Pet Insurance,credit card
Groceries,"Monday, March 23, 2026",$38.17,Trader Joe's,credit card
Restaraunts,"Monday, March 23, 2026",$58.54,Sizzler,credit card
Restaraunts,"Wednesday, March 25, 2026",$7.72,Gourmandise; raspberry eclair,credit card
Restaraunts,"Wednesday, March 25, 2026",$1.08,Sonic,credit card
Groceries,"Thursday, March 26, 2026",$26.85,Walgreens,credit card
Gas car,"Thursday, March 26, 2026",$51.65,Sams gas,credit card
Gas car,"Thursday, March 26, 2026",$8.79,Maverik; gas 2 gal,credit card
,"Thursday, March 26, 2026",$300.00,Swanny and; bead spread set,credit card
Anniversary,"Saturday, March 28, 2026",$37.89,Birdette Art; 3 ceramic flowers,credit card
Restaraunts,"Friday, March 27, 2026",$43.29,El Mexiquense; molcajete,credit card
Dog Stuff,"Friday, March 27, 2026",$23.62,Petsmart,credit card
Dog Stuff,"Saturday, March 28, 2026",$5.86,Dollar Tree; Easter basket dog stuff,credit card
Miscellaneous,"Saturday, March 28, 2026",$71.00,DI; lots of clothes for Gormandise and misc,credit card
Groceries,"Monday, March 30, 2026",$11.29,Harmons,credit card
Groceries,"Tuesday, March 31, 2026",$10.37,Target,credit card
Groceries,"Tuesday, March 31, 2026",$80.02,Walmart,credit card
Miscellaneous,"Monday, March 30, 2026",$13.00,Venmo,debit Silvia
Miscellaneous,"Monday, March 30, 2026",$6.51,Venmo,debit Silvia
Miscellaneous,"Monday, March 30, 2026",$6.00,Venmo,debit Silvia
Miscellaneous,"Monday, March 30, 2026",$5.00,Venmo,debit Silvia
Uber,"Monday, March 30, 2026",$1.07,Lyft,debit Silvia
Uber,"Monday, March 30, 2026",$5.00,Lyft; cancel fee,debit Silvia
Restaraunts,"Thursday, March 19, 2026",$13.72,Chick-Fil-A,Apple card
Miscellaneous,"Friday, March 20, 2026",$2.50,MASABI,Apple card
Restaraunts,"Friday, March 20, 2026",$60.15,Buffalo Wild Wings,Apple card
Subscriptions,"Saturday, March 21, 2026",$5.35,Apple,Apple card
Subscriptions,"Saturday, March 21, 2026",$21.48,Disney plus,Apple card
Restaraunts,"Wednesday, March 25, 2026",$15.00,Starbucks,Apple card
Subscriptions,"Wednesday, March 25, 2026",$4.29,Blink,Apple card
Subscriptions,"Thursday, March 26, 2026",$10.99,Apple,Apple card
Miscellaneous,"Friday, March 27, 2026",$5.00,MASABI,Apple card
Restaraunts,"Saturday, March 28, 2026",$7.60,Santa Backyard Coffee,Apple card
Restaraunts,"Saturday, March 28, 2026",$16.33,La Cubana; one cubana,Apple card
Restaraunts,"Saturday, March 28, 2026",$21.69,KFC,Apple card
Restaraunts,"Sunday, March 29, 2026",$19.52,Taco Bell,Apple card
Miscellaneous,"Monday, March 30, 2026",$2.50,MASABI,Apple card
Miscellaneous,"Tuesday, March 31, 2026",$2.50,MASABI,Apple card
Rent,"Wednesday, April 01, 2026","$1,663.79",Dry Creek Daca; new management Redstone Residential,debit joint
Uber,"Wednesday, April 01, 2026",$22.93,Lyft; from Starbucks to Gormandise in rain,debit Silvia
Electricity bill,"Friday, April 03, 2026",$28.78,Rocky Mountain Power,debit Preston
Car Loan,"Friday, April 03, 2026",$250.00,America First Credit Union; car loan,debit joint
,"Monday, April 06, 2026",$768.00,Progressive; auto insurance auto-renewal,
Restaraunts,"Thursday, April 02, 2026",$1.72,Wingstop; 1 ranch,credit card
Gas car,"Friday, April 03, 2026",$56.54,Sams gas,credit card
Restaraunts,"Monday, April 06, 2026",$5.04,Gourmandise,credit card
Groceries,"Monday, April 06, 2026",$6.06,"Target;  queso fresco, yogurt",credit card
Dog Stuff,"Saturday, April 04, 2026",$6.46,Rebel paw; pie,credit card
Restaraunts,"Saturday, April 04, 2026",$41.75,Slackwater,credit card
Groceries,"Saturday, April 04, 2026",$222.04,Costco,debit joint
Gas bill,"Thursday, April 02, 2026",$30.02,Dominion Energy,debit Silvia
Uber,"Thursday, April 09, 2026",$7.93,Lyft,debit Silvia
Uber,"Friday, April 03, 2026",$25.93,Lyft,debit Silvia
Groceries,"Thursday, April 09, 2026",$14.15,Walgreens,credit card
Gas car,"Friday, April 10, 2026",$54.01,Sams gas,credit card
Groceries,"Friday, April 10, 2026",$10.54,"Sams; rotiserrie chicken, corn tortillas",credit card
Uber,"Friday, April 10, 2026",$9.88,Lyft,debit Silvia
Restaraunts,"Saturday, April 11, 2026",$38.81,"Los Tapatios; torta ahogada, agua jamaica, chilaquiles",credit card
,"Saturday, April 11, 2026",$10.75,Five Below,credit card
Birthday Gifts,"Saturday, April 11, 2026",$43.37,Cakes By Edith; cake and 6 cake pops bday Felicia,credit card
Restaraunts,"Friday, April 10, 2026",$28.02,Frutylandia,credit card
Restaraunts,"Monday, April 13, 2026",$34.78,Mo Bettahs,credit card
Groceries,"Tuesday, April 14, 2026",$7.04,Walgreens,credit card
Groceries,"Sunday, April 12, 2026",$45.97,Walmart,debit joint
Anniversary,"Monday, April 13, 2026",$102.27,Gorjana; picture pendant anniversary gift,debit joint
Uber,"Monday, April 13, 2026",$3.98,Lyft,debit Silvia
Uber,"Wednesday, April 15, 2026",$7.99,Lyft,debit Silvia
Restaraunts,"Friday, April 17, 2026",$72.66,La Condesa; anniversary brunch,credit card
Restaraunts,"Friday, April 17, 2026",$16.27,"Joy Pops; paletas raspberry mint something else and berry cheesecake, mango agua fresca",credit card
Restaraunts,"Friday, April 17, 2026",$28.39,"Rancheritos; hot cheetos burrito, al pastor burrito, chiles toreados",credit card
Anniversary,"Thursday, April 16, 2026",$0.42,Walgreens; one 4 x 6 print for pendant pictures,debit joint
Gas car,"Friday, April 17, 2026",$57.24,Costco gas,debit joint
Uber,"Thursday, April 16, 2026",$5.94,Lyft,debit Silvia
Uber,"Friday, April 17, 2026",$24.19,Lyft,debit Silvia
Groceries,"Saturday, April 18, 2026",$85.48,Smiths,credit card
Groceries,"Saturday, April 18, 2026",$1.42,Target,credit card
Restaraunts,"Sunday, April 19, 2026",$5.47,Gourmandise,credit card
Groceries,"Monday, April 20, 2026",$8.72,Walgreens,credit card
Groceries,"Monday, April 20, 2026",$21.68,Walgreens,credit card
Clothing,"Wednesday, April 22, 2026",$71.99,Target,credit card
Groceries,"Wednesday, April 22, 2026",$2.77,Walgreens,credit card
Restaraunts,"Tuesday, April 21, 2026",$6.02,Gourmandise,credit card
Restaraunts,"Wednesday, April 22, 2026",$30.80,Chipotle,credit card
Dog Stuff,"Wednesday, April 22, 2026",$13.94,Petsmart; light weight harness,credit card
Uber,"Tuesday, April 21, 2026",$0.34,Lyft,debit Silvia
,"Tuesday, April 21, 2026",$50.00,Zelle to Jazmin,debit Silvia
Uber,"Wednesday, April 22, 2026",$18.44,Lyft,debit Silvia
Groceries,"Thursday, April 02, 2026",$25.69,Urban Groceries,Apple card
Restaraunts,"Thursday, April 02, 2026",$21.68,Buffalo Wild Wings,Apple card
Restaraunts,"Saturday, April 04, 2026",$9.14,McDonald's,Apple card
Restaraunts,"Sunday, April 05, 2026",$33.40,Gourmandise,Apple card
Restaraunts,"Sunday, April 05, 2026",$4.32,Gourmandise,Apple card
Groceries,"Monday, April 06, 2026",$8.60,Target,Apple card
Groceries,"Monday, April 06, 2026",$24.06,Target,Apple card
Restaraunts,"Monday, April 06, 2026",$24.16,Chick-fil-A,Apple card
Miscellaneous,"Tuesday, April 07, 2026",$6.50,Lime; prime X5bh,Apple card
Miscellaneous,"Tuesday, April 07, 2026",$1.63,Lime; ride X5bh,Apple card
Miscellaneous,"Tuesday, April 07, 2026",$2.50,MASABI,Apple card
Groceries,"Wednesday, April 08, 2026",$13.22,Walgreens,Apple card
Groceries,"Thursday, April 09, 2026",$3.29,Walgreens,Apple card
Subscriptions,"Thursday, April 09, 2026",$3.21,Apple,Apple card
Groceries,"Friday, April 10, 2026",$11.01,Walgreens,Apple card
Miscellaneous,"Friday, April 10, 2026",$2.50,MASABI,Apple card
Beauty,"Saturday, April 11, 2026",$5.27,Ulta,Apple card
Restaraunts,"Saturday, April 11, 2026",$1.62,Sonic,Apple card
Restaraunts,"Saturday, April 11, 2026",$6.16,Sonic,Apple card
Restaraunts,"Tuesday, April 14, 2026",$6.95,Tamarind,Apple card
Groceries,"Wednesday, April 15, 2026",$5.34,Walgreens,Apple card
Subscriptions,"Thursday, April 16, 2026",$9.99,Apple,Apple card
Anniversary,"Friday, April 17, 2026",$18.19,Hot Topic; Anniversary gift for Preston,Apple card
Miscellaneous,"Saturday, April 18, 2026",$2.50,MASABI,Apple card
Subscriptions,"Tuesday, April 21, 2026",$2.14,Apple,Apple card
Restaraunts,"Tuesday, April 21, 2026",$8.12,Sonic,Apple card
Subscriptions,"Tuesday, April 21, 2026",$21.48,Disney plus,Apple card
Miscellaneous,"Wednesday, April 22, 2026",$2.50,MASABI,Apple card
Car Loan,"Friday, April 24, 2026",$250.00,America First Credit Union; car loan,debit joint
Pet Insurance,"Thursday, April 23, 2026",$37.51,Spot Pet Insurance,credit card
Dentist,"Thursday, April 23, 2026",$40.00,Alta Canyon Dental; after insurance for cavity filling,credit card
Groceries,"Thursday, April 23, 2026",$18.10,Target,credit card
Gas car,"Friday, April 24, 2026",$52.11,Sams gas,credit card
Groceries,"Friday, April 24, 2026",$26.43,"Costco; lotion, seaweed snacks",debit joint
Uber,"Thursday, April 23, 2026",$9.96,Lyft,debit Silvia
Restaraunts,"Thursday, April 23, 2026",$21.13,Taco Bell,Apple card
Miscellaneous,"Thursday, April 23, 2026",$64.48,Ticketmaster; for Silvia and Ariana,Apple card
Restaraunts,"Saturday, April 25, 2026",$10.38,Taco Bell,Apple card
Subscriptions,"Saturday, April 25, 2026",$4.29,Blink,Apple card
Restaraunts,"Saturday, April 25, 2026",$5.47,Gourmandise,credit card
Groceries,"Sunday, April 26, 2026",$79.86,Rancho Market,credit card
Restaraunts,"Sunday, April 26, 2026",,Rancho Market Kitchen; two tacos gobernador and pozole rojo,
Groceries,"Monday, April 27, 2026",$9.77,Walgreens,credit card
Restaraunts,"Tuesday, April 28, 2026",$10.08,Gourmandise,credit card
Groceries,"Wednesday, April 29, 2026",$2.87,Walgreens,credit card
Miscellaneous,"Wednesday, April 29, 2026",$17.00,DI,credit card
Uber,"Monday, April 27, 2026",$25.99,Lyft,debit Silvia
Uber,"Tuesday, April 28, 2026",$4.99,Lyft,debit Silvia
Uber,"Thursday, April 30, 2026",$5.92,Lyft,debit Silvia
Rent,"Thursday, May 01, 2026","$1,646.73",Dry Creek Apartments,debit joint
Dog Stuff,"Saturday, May 02, 2026",$14.66,Delas Doggy Dessert,credit card
Restaraunts,"Saturday, May 02, 2026",$20.55,Tous Les Jours,credit card
Restaraunts,"Saturday, May 02, 2026",$41.85,Tacos Lopez,credit card
Gas car,"Saturday, May 02, 2026",$55.18,Costco gas,debit joint
,"Friday, May 01, 2026",$45.00,Venmo,debit Silvia
Uber,"Friday, May 01, 2026",$12.97,Lyft,debit Silvia
Gas bill,"Saturday, May 02, 2026",$26.17,Enbridge Gas,debit Silvia
Electricity bill,"Saturday, May 02, 2026",$35.72,Rocky Mountain Power,debit Preston
Groceries,"Monday, May 04, 2026",$2.04,Target; 2 coleslaw bags,credit card
Restaraunts,"Monday, May 04, 2026",$33.62,R and R BBQ,credit card
Holidays,"Tuesday, May 05, 2026",$29.00,Wheeler Farm; dog Mother's Day plus extra adult ,credit card
Groceries,"Monday, May 04, 2026",$19.43,Walgreens,credit card
Groceries,"Tuesday, May 05, 2026",$10.29,Walgreens,credit card
Groceries,"Tuesday, May 05, 2026",$5.54,Target,credit card
Phone bill initial,"Tuesday, May 05, 2026",$322.20,Tmobile; with a late fee for Apr,debit joint
Uber,"Monday, May 04, 2026",$30.99,Lyft,debit Silvia
Uber,"Tuesday, May 05, 2026",$8.94,Lyft,debit Silvia
Restaraunts,"Wednesday, May 06, 2026",$35.25,Halgatteok; rose tteoboekk and gimbap,credit card
Car Insurance,"Friday, May 08, 2026",$768.00,Progressive; auto renew auto insurance,credit card
Dog Stuff,"Friday, May 08, 2026",$10.73,Marshalls; dog wipes 300,credit card
Uber,"Wednesday, May 06, 2026",$5.96,Lyft,debit Silvia
Dog Stuff,"Saturday, May 09, 2026",$24.78,Rocky Mountain Bully,credit card
Restaraunts,"Saturday, May 09, 2026",$96.02,Dodo Restaurant,credit card
,"Saturday, May 09, 2026",$46.19,Marshalls,credit card
Groceries,"Sunday, May 10, 2026",$29.76,Target,credit card
Restaraunts,"Sunday, May 10, 2026",$8.45,Taco Bell,credit card
Groceries,"Sunday, May 10, 2026",$17.72,Smiths,credit card
Groceries,"Wednesday, May 13, 2026",$2.05,Target,credit card
Restaraunts,"Thursday, May 14, 2026",$25.77,Raising Cane's,credit card
Gas car,"Sunday, May 10, 2026",$61.08,Sams gas,debit joint
Groceries,"Wednesday, May 13, 2026",$74.90,Sams,debit joint
Restaraunts,"Friday, May 15, 2026",$6.56,"Costco; 2 hot dogs, churro caramel sundae",debit joint
Groceries,"Friday, May 15, 2026",$134.00,Costco,debit joint
Uber,"Wednesday, May 13, 2026",$9.99,Lyft,debit Silvia
Car Loan,"Tuesday, May 19, 2026",$250.00,America First Credit Union; car loan,debit joint
Restaraunts,"Saturday, May 02, 2026",$30.90,Chick-fil-A,Apple card
Miscellaneous,"Saturday, May 02, 2026",$24.43,Ultimate Dance Experience,Apple card
Restaraunts,"Sunday, May 03, 2026",$22.80,Domino's,Apple card
Miscellaneous,"Monday, May 04, 2026",$2.50,MASABI,Apple card
Restaraunts,"Monday, May 04, 2026",$3.46,Sonic,Apple card
Restaraunts,"Thursday, May 07, 2026",$14.51,Tamarind,Apple card
Miscellaneous,"Thursday, May 07, 2026",$2.50,MASABI,Apple card
Restaraunts,"Saturday, May 09, 2026",$21.94,Chick-fil-A,Apple card
Restaraunts,"Sunday, May 10, 2026",$7.27,Wendy's,Apple card
Miscellaneous,"Tuesday, May 12, 2026",$2.50,MASABI,Apple card
Restaraunts,"Tuesday, May 12, 2026",$27.11,Cafe Rio,Apple card
Groceries,"Thursday, May 14, 2026",$22.31,Walgreens,Apple card
Restaraunts,"Thursday, May 14, 2026",$68.36,Seven Brothers,Apple card
Miscellaneous,"Thursday, May 14, 2026",$2.50,MASABI,Apple card
Restaraunts,"Friday, May 15, 2026",$31.76,Seven Brothers,Apple card
Subscriptions,"Saturday, May 16, 2026",$9.99,Apple,Apple card
Miscellaneous,"Saturday, May 16, 2026",$2.50,MASABI,Apple card
Restaraunts,"Saturday, May 16, 2026",$11.47,Wendy's,credit card
Gas car,"Sunday, May 17, 2026",$67.43,Sams gas,credit card
Restaraunts,"Monday, May 18, 2026",$34.24,Black Bear Diner,credit card
Restaraunts,"Sunday, May 17, 2026",$8.65,Little Caesars,credit card
Groceries,"Tuesday, May 19, 2026",$11.45,Urban Groceries,credit card
Groceries,"Wednesday, May 20, 2026",$13.48,Walgreens,credit card
Restaraunts,"Friday, May 22, 2026",$40.30,Mr Rice,credit card
Restaraunts,"Friday, May 22, 2026",$8.27,Tiger Sugar; boba,credit card
Groceries,"Wednesday, May 20, 2026",$102.18,Walmart,debit joint
Uber,"Wednesday, May 20, 2026",$14.91,Lyft,debit Silvia
Uber,"Friday, May 22, 2026",$7.38,Lyft,debit Silvia
Electricity bill,"Friday, May 22, 2026",$36.19,Rocky Mountain Power,debit Preston
Restaraunts,"Sunday, May 17, 2026",$15.00,Starbucks,Apple card
Miscellaneous,"Sunday, May 17, 2026",$2.50,MASABI,Apple card
Dog Stuff,"Sunday, May 17, 2026",$12.93,Rebel Paw,Apple card
Dog Stuff,"Sunday, May 17, 2026",$28.02,Rocky Mountain Bully,Apple card
Miscellaneous,"Monday, May 18, 2026",$2.50,MASABI,Apple card
Restaraunts,"Monday, May 18, 2026",$43.90,Buffalo Wild Wings,Apple card
Miscellaneous,"Monday, May 18, 2026",$37.61,Adidas,Apple card
Miscellaneous,"Tuesday, May 19, 2026",$2.50,MASABI,Apple card
Groceries,"Wednesday, May 20, 2026",$3.29,Walgreens,Apple card
Miscellaneous,"Wednesday, May 20, 2026",$2.50,MASABI,Apple card
Restaraunts,"Wednesday, May 20, 2026",$27.11,Cafe Rio,Apple card
Subscriptions,"Thursday, May 21, 2026",$2.14,Apple,Apple card
Miscellaneous,"Thursday, May 21, 2026",$2.50,MASABI,Apple card
Subscriptions,"Thursday, May 21, 2026",$21.48,Disney plus,Apple card
Miscellaneous,"Friday, May 22, 2026",$2.50,MASABI,Apple card
Restaraunts,"Friday, May 22, 2026",$5.65,85C Bakery,Apple card
Car Maintenance,"Sunday, May 24, 2026",$165.50,Utah-DMV Renewal Express,credit card
Car Maintenance,"Sunday, May 24, 2026",$35.00,Curts Carwash; pay emissions test,credit card
Restaraunts,"Saturday, May 23, 2026",$3.24,Sonic,credit card
Gas car,"Saturday, May 23, 2026",$49.50,Sams gas,credit card
Groceries,"Monday, May 25, 2026",$25.51,Walgreens,credit card
Medical,"Monday, May 25, 2026",$79.00,Ion Vision; South towne Silvia eye exam,credit card
Medical,"Monday, May 25, 2026",$180.22,Ion Vision; South towne 12 month contacts,credit card
Medical,"Monday, May 25, 2026",$315.53,Lenscrafters; one glasses frame poly carbonate,credit card
Restaraunts,"Monday, May 25, 2026",$25.05,Panda Express,credit card
Groceries,"Saturday, May 23, 2026",$69.53,Walmart,debit joint
Groceries,"Sunday, May 24, 2026",$24.97,Walmart,debit joint
Restaraunts,"Tuesday, May 26, 2026",$27.32,Rancheritos,credit card
Groceries,"Wednesday, May 27, 2026",$9.34,Target,credit card
Groceries,"Friday, May 29, 2026",$1.42,Target,credit card
Birthday Gifts,"Friday, May 29, 2026",$26.86,Barnes and Noble; book journal Chelsey gift,credit card
Restaraunts,"Friday, May 29, 2026",$33.30,Chubby's Cafe,credit card
Restaraunts,"Saturday, May 30, 2026",$15.83,Chipotle,credit card
Groceries,"Sunday, May 31, 2026",$45.43,Trader Joe's,credit card
Groceries,"Thursday, May 28, 2026",$38.78,Walmart,debit joint
Gas car,"Saturday, May 30, 2026",$56.47,Costco gas,debit joint
Groceries,"Saturday, May 30, 2026",$16.46,Walmart,debit joint
Clothing,"Monday, May 25, 2026",$12.73,Torrid,Apple card
Clothing,"Monday, May 25, 2026",$12.43,Torrid,Apple card
Subscriptions,"Monday, May 25, 2026",$4.29,Blink,Apple card
Subscriptions,"Tuesday, May 26, 2026",$10.99,Apple,Apple card
Restaraunts,"Thursday, May 28, 2026",$7.65,McDonalds,Apple card
Miscellaneous,"Thursday, May 28, 2026",$20.61,Apple City Creek Center,Apple card
Groceries,"Thursday, May 28, 2026",$2.77,Walgreens,Apple card
Miscellaneous,"Friday, May 29, 2026",$2.50,MASABI,Apple card
Groceries,"Friday, May 29, 2026",$18.39,Target,Apple card
Rent,"Monday, June 01, 2026","$1,646.11",Dry Creek Apartments,debit joint
Car Loan,"Tuesday, June 02, 2026",$250.00,America First Credit Union; car loan for second payment of May 2026,debit joint
Car Maintenance,"Saturday, June 20, 2026",$237.16,"Jiffy Lube; oil change, top off coolant, replace radiator cap, replace cabin filter and engine filter",credit card
Phone bill initial,"Monday, June 01, 2026",$308.54,Tmobile; with a late fee for May,debit joint
Restaraunts,"Friday, June 05, 2026",$33.37,Astro Burger,credit card
Restaraunts,"Monday, June 01, 2026",$11.14,Pretzelmaker,credit card
Dog Stuff,"Monday, June 01, 2026",$16.11,Petsmart,credit card
Groceries,"Wednesday, June 03, 2026",$12.09,Target,credit card
Groceries,"Thursday, June 04, 2026",$9.23,Target,credit card
Groceries,"Sunday, June 07, 2026",$31.06,Target,credit card
Gas car,"Sunday, June 07, 2026",$14.88,Maverik,credit card
Gas car,"Sunday, June 07, 2026",$49.17,Sams gas,credit card
Groceries,"Sunday, June 07, 2026",$18.44,Sams; chips and Drano,credit card
Groceries,"Friday, June 05, 2026",$13.30,Walmart,debit joint
Gas bill,"Thursday, June 04, 2026",$23.35,Enbridge Gas,debit Silvia
Uber,"Thursday, June 04, 2026",$24.94,Lyft,debit Silvia
Groceries,"Thursday, June 11, 2026",$7.26,Walmart,credit card
Restaraunts,"Saturday, June 13, 2026",$13.37,Maverik; 2 breakfast sandwhiches and tea,credit card
Restaraunts,"Saturday, June 13, 2026",$7.78,Bubble N Bean,credit card
Restaraunts,"Saturday, June 13, 2026",$29.36,Astro Burger,credit card
Miscellaneous,"Saturday, June 13, 2026",$23.77,Dollar Tree,credit card
Miscellaneous,"Monday, June 08, 2026",$6.00,Venmo,debit Silvia
Uber,"Monday, June 08, 2026",$3.00,Lyft; cancel fee,debit Silvia
Uber,"Wednesday, June 10, 2026",$6.76,Lyft,debit Silvia
Uber,"Thursday, June 11, 2026",$4.28,Lyft,debit Silvia
Uber,"Friday, June 12, 2026",$22.92,Lyft,debit Silvia
Groceries,"Sunday, June 14, 2026",$5.35,Urban Groceries; chilaquiles,credit card
Groceries,"Sunday, June 14, 2026",$9.57,Target,credit card
Restaraunts,"Sunday, June 14, 2026",$16.25,Little Caesars,credit card
Birthday Gifts,"Tuesday, June 16, 2026",$292.03,Dragonsteelbook.com,credit card
Groceries,"Tuesday, June 16, 2026",$22.85,Target,credit card
Gas car,"Tuesday, June 16, 2026",$16.13,Maverik; gas,credit card
Gas car,"Tuesday, June 16, 2026",$48.73,Sams gas,credit card
Groceries,"Wednesday, June 17, 2026",$74.70,Walmart,credit card
Dog Stuff,"Wednesday, June 17, 2026",$102.08,Petsmart; Aspen bath hair cut nail trim,credit card
Restaraunts,"Thursday, June 18, 2026",$11.93,Spitz; loaded fries,credit card
Restaraunts,"Friday, June 19, 2026",$40.04,El Mexiquense; molcajete,credit card
Restaraunts,"Friday, June 19, 2026",$40.30,Eva's Bakery,debit joint
Uber,"Monday, June 15, 2026",$27.91,Lyft,debit Silvia
Uber,"Wednesday, June 17, 2026",$29.87,Lyft,debit Silvia
Uber,"Wednesday, June 17, 2026",$13.90,Lyft,debit Silvia
Uber,"Thursday, June 18, 2026",$11.03,Lyft,debit Silvia
Restaraunts,"Tuesday, June 02, 2026",$24.70,Zupas,Apple card
Restaraunts,"Thursday, June 04, 2026",$43.14,Olive Garden,Apple card
Groceries,"Saturday, June 06, 2026",$13.00,Heat Street,Apple card
Restaraunts,"Saturday, June 06, 2026",$7.47,Awe Sweet,Apple card
Dog Stuff,"Saturday, June 06, 2026",$20.47,Rocky Mountain Bul,Apple card
Groceries,"Monday, June 08, 2026",$8.22,Walgreens,Apple card
Miscellaneous,"Monday, June 08, 2026",$2.50,MASABI,Apple card
Restaraunts,"Monday, June 08, 2026",$22.54,Taco Bell,Apple card
Miscellaneous,"Tuesday, June 09, 2026",$2.50,MASABI,Apple card
Miscellaneous,"Tuesday, June 09, 2026",$2.50,MASABI,Apple card
Restaraunts,"Wednesday, June 10, 2026",$30.88,Buffalo Wild Wings,Apple card
Restaraunts,"Wednesday, June 10, 2026",$28.55,Evas Bakery,Apple card
Groceries,"Thursday, June 11, 2026",$13.59,Urban Groceries,Apple card
Restaraunts,"Monday, June 15, 2026",$30.16,Chick-fil-A,Apple card
Subscriptions,"Monday, June 15, 2026",$9.99,Apple,Apple card
Groceries,"Tuesday, June 16, 2026",$2.05,Walgreens,Apple card
Miscellaneous,"Tuesday, June 16, 2026",$2.50,MASABI,Apple card
Restaraunts,"Wednesday, June 17, 2026",$15.00,Starbucks,Apple card
Restaraunts,"Wednesday, June 17, 2026",$27.11,Cafe Rio,Apple card
Groceries,"Thursday, June 18, 2026",$17.79,Walgreens,Apple card
Miscellaneous,"Thursday, June 18, 2026",$2.50,MASABI,Apple card
Restaraunts,"Friday, June 19, 2026",$8.75,McDonalds,Apple card
Groceries,"Friday, June 19, 2026",$3.08,Walgreens,Apple card
Miscellaneous,"Friday, June 19, 2026",$2.50,MASABI,Apple card
Subscriptions,"Friday, June 19, 2026",$6.42,Apple,Apple card
Restaraunts,"Saturday, June 20, 2026",$50.93,The Great Greek Mediterranean Grill; with Dad,credit card
Tithing ,"Tuesday, June 23, 2026",$106.43,The Church; for second Starbucks,debit joint
Groceries,"Sunday, June 21, 2026",$52.92,Trader Joe's,credit card
Restaraunts,"Monday, June 22, 2026",$15.51,In-N-Out,credit card
Pet Insurance,"Tuesday, June 23, 2026",$37.51,Spot Pet Insurance,credit card
Groceries,"Tuesday, June 23, 2026",$9.04,Walgreens,credit card
Groceries,"Tuesday, June 23, 2026",$8.23,Chinatown Supermarket,credit card
Gas car,"Wednesday, June 24, 2026",$50.00,Sam's gas,credit card
Restaraunts,"Wednesday, June 24, 2026",$32.50,Mr Charles Chicken,credit card
Groceries,"Thursday, June 25, 2026",$14.40,Walgreens,credit card
Groceries,"Thursday, June 25, 2026",$7.00,Sams,credit card
Gas car,"Saturday, June 27, 2026",$7.46,Maverik; gas,credit card
Groceries,"Sunday, June 28, 2026",$153.36,Sams,credit card
Dog Stuff,"Saturday, June 27, 2026",$5.36,Ross,credit card
Restaraunts,"Sunday, June 28, 2026",$8.12,Blue Moo Ice Cream,credit card
Dog Stuff,"Monday, June 29, 2026",$95.00,Humane Society; Aspen all 3 vaccines,credit card
Gas car,"Tuesday, June 30, 2026",$29.39,Sam's gas,credit card
Restaraunts,"Tuesday, June 23, 2026",$4.62,85C Bakery,debit joint
,"Monday, June 22, 2026",$50.00,Venmo,debit Silvia
Uber,"Monday, June 22, 2026",$27.91,Lyft,debit Silvia
Uber,"Monday, June 22, 2026",$6.97,Lyft,debit Silvia
Miscellaneous,"Tuesday, June 23, 2026",$1.00,Zelle to Mia,debit Silvia
Uber,"Tuesday, June 23, 2026",$1.14,Lyft,debit Silvia
Uber,"Wednesday, June 24, 2026",$5.00,Lyft; cancel fee,debit Silvia
Dog Stuff,"Monday, June 29, 2026",$150.00,Zelle to Mia; dog sitting for two days,debit Silvia
Uber,"Monday, June 29, 2026",$14.02,Lyft,debit Silvia
Subscriptions,"Sunday, June 21, 2026",$21.48,Disney plus,Apple card
Miscellaneous,"Monday, June 22, 2026",$2.50,MASABI,Apple card
Miscellaneous,"Tuesday, June 23, 2026",$2.50,MASABI,Apple card
Miscellaneous,"Wednesday, June 24, 2026",$2.50,MASABI,Apple card
Subscriptions,"Thursday, June 25, 2026",$4.29,Blink,Apple card
Subscriptions,"Friday, June 26, 2026",$10.99,Apple,Apple card
Restaraunts,"Friday, June 26, 2026",$10.62,Sonic,Apple card
Miscellaneous,"Saturday, June 27, 2026",$10.03,Five Below,Apple card
Groceries,"Monday, June 29, 2026",$6.16,Walgreens,Apple card
Miscellaneous,"Monday, June 29, 2026",$2.50,MASABI,Apple card
Restaraunts,"Tuesday, June 30, 2026",$19.17,El Pollo Loco,Apple card
Restaraunts,"Tuesday, June 30, 2026",$7.34,Southtowne Hot Dog on a stick,Apple card
Dog Stuff,"Tuesday, June 30, 2026",$11.81,HomeGoods,Apple card
Subscriptions,"Tuesday, June 30, 2026",$14.99,Apple,Apple card
Rent,"Wednesday, July 01, 2026","$1,640.58",Dry Creek Apartments; Redstone,debit joint
Electricity bill,"Wednesday, July 01, 2026",$56.00,Rocky Mountain Power; for June,debit Preston
Restaraunts,"Wednesday, July 01, 2026",$34.48,Eva's Bakery,credit card
Groceries,"Wednesday, July 01, 2026",$22.64,Walmart,credit card
Uber,"Thursday, July 02, 2026",$12.97,Lyft,credit card
Uber,"Thursday, July 02, 2026",$16.94,Lyft,credit card
Medical,"Thursday, July 02, 2026",$192.00,Carenow; instacare bloodnose bleeding 2.5 hours,credit card
Groceries,"Thursday, July 02, 2026",$35.01,Target,credit card
Uber,"Wednesday, July 01, 2026",$19.96,Lyft,debit Silvia
Gas bill,"Thursday, July 02, 2026",$21.59,Enbridge Gas,debit Silvia
,"Friday, July 03, 2026",$20.00,Zelle to Montse,debit Silvia
Car Loan,"Monday, July 06, 2026",$500.00,America First Credit Union,debit joint
Uber,"Friday, July 03, 2026",$29.91,Lyft,credit card
Groceries,"Saturday, July 04, 2026",$19.28,Salsa de Diablo; 2 large salsas,credit card
Groceries,"Saturday, July 04, 2026",$38.34,La Diana Market; included some of best carnitas ever!,credit card
Gas car,"Tuesday, July 07, 2026",$45.42,Sams gas,credit card
Groceries,"Tuesday, July 07, 2026",$6.88,Walgreens,credit card
Restaraunts,"Tuesday, July 07, 2026",$9.10,Wendy's,credit card
Groceries,"Wednesday, July 08, 2026",$13.58,Walgreens,credit card
Groceries,"Wednesday, July 08, 2026",$11.95,Target,credit card
Restaraunts,"Thursday, July 09, 2026",$23.84,Mo Bettahs,credit card
Groceries,"Friday, July 10, 2026",$8.18,Target,credit card
,"Saturday, July 11, 2026",$37.14,Dollar Tree,credit card
Restaraunts,"Saturday, July 11, 2026",$15.83,Panda Express,credit card
Restaraunts,"Sunday, July 12, 2026",$36.96,Los Tapatios,credit card
Birthday Gifts,"Sunday, July 12, 2026",$30.01,Marie Callender's,credit card
Restaraunts,"Saturday, July 11, 2026",$26.85,Schmidt's Pastry Cottage,credit card
Groceries,"Monday, July 13, 2026",$63.62,Trader Joe's,credit card
Medical,"Tuesday, July 14, 2026",$9.12,Walgreens; acetomenaphin,credit card
Medical,"Wednesday, July 15, 2026",$147.57,American Wellness and Rehab; dr follow up after appendix surgery,credit card
,"Monday, July 06, 2026",$20.00,Venmo,debit Silvia
,"Monday, July 06, 2026",$4.00,Venmo,debit Silvia
,"Monday, July 06, 2026",$1.50,Venmo,debit Silvia
Uber,"Monday, July 06, 2026",$7.70,Lyft,debit Silvia
Uber,"Tuesday, July 07, 2026",$24.98,Lyft,debit Silvia
Uber,"Tuesday, July 07, 2026",$11.65,Lyft,debit Silvia
Uber,"Thursday, July 09, 2026",$28.92,Lyft,debit Silvia
Uber,"Friday, July 10, 2026",$31.91,Lyft,debit Silvia
Uber,"Friday, July 10, 2026",$35.95,Lyft,debit Silvia
,"Monday, July 13, 2026",$25.00,Zelle to Mia,debit Silvia
Dog Food,"Tuesday, July 14, 2026",$55.00,Venmo; to Braden for dog food,debit Silvia
Uber,"Tuesday, July 14, 2026",$29.94,Lyft,debit Silvia
Uber,"Tuesday, July 14, 2026",$15.99,Lyft,debit Silvia
Uber,"Wednesday, July 15, 2026",$13.91,Lyft,debit Silvia
Uber,"Thursday, July 16, 2026",$4.91,Lyft,debit Silvia
Restaraunts,"Friday, July 17, 2026",$33.13,Pho Salt Lake; pho and egg noodles with dumplings and BBQ pork,credit card
Gas car,"Friday, July 17, 2026",$21.21,Maverik; gas,credit card
Groceries,"Monday, July 20, 2026",$9.45,Target,credit card
Groceries,"Monday, July 20, 2026",$16.63,Walgreens,credit card
Gas car,"Monday, July 20, 2026",$46.21,Sams gas,credit card
Gas car,"Monday, July 20, 2026",$10.84,Maverik; gas,credit card
Restaraunts,"Tuesday, July 21, 2026",$32.16,Chipotle,credit card
Beauty,"Tuesday, July 21, 2026",$30.89,ULTA Beauty,credit card
Groceries,"Wednesday, July 22, 2026",$9.75,Walgreens,credit card
Pet Insurance,"Thursday, July 23, 2026",$37.51,Spot Pet Inisurance,credit card
,"Friday, July 24, 2026",$96.08,Amazon,credit card
Groceries,"Friday, July 24, 2026",$87.15,Trader Joe's,credit card
Restaraunts,"Friday, July 24, 2026",$22.45,In-N-Out,credit card
Restaraunts,"Wednesday, July 22, 2026",$15.90,Mr Charlies Chicken,credit card
Medical,"Wednesday, July 22, 2026",$147.57,American Wellness and Rehab; dr second follow up after appendix surgery,credit card
,"Friday, July 24, 2026",$16.11,Amazon,credit card
Groceries,"Monday, July 20, 2026",$190.63,Costco,debit joint
Uber,"Thursday, July 16, 2026",$18.94,Lyft,debit Silvia
,"Wednesday, July 22, 2026",$20.00,Zelle to Mia,debit Silvia
Uber,"Wednesday, July 22, 2026",$15.66,Lyft,debit Silvia
Uber,"Thursday, July 23, 2026",$10.04,Lyft,debit Silvia
Car Loan,"Monday, July 27, 2026",$250.00,America First Credit Union,debit joint
Tithing ,"Sunday, July 26, 2026",$630.11,The Church; last of Jun and all Jul,debit joint
Groceries,"Saturday, July 25, 2026",$27.52,La Diana Market; included some of best carnitas ever!,credit card
Dog Stuff,"Sunday, July 26, 2026",$10.72,Marshalls; 2 packs of 150 wipes per pack dog wipes,credit card
Groceries,"Sunday, July 26, 2026",$36.22,Target,credit card
Miscellaneous,"Wednesday, July 01, 2026",$2.50,MASABI,Apple card
Restaraunts,"Thursday, July 02, 2026",$17.03,Sonic,Apple card
Miscellaneous,"Friday, July 03, 2026",$2.50,MASABI,Apple card
,"Saturday, July 04, 2026",$9.30,Lime,Apple card
,"Saturday, July 04, 2026",$10.32,Lime,Apple card
Dog Stuff,"Saturday, July 04, 2026",$26.94,Rocky Moutain Bully,Apple card
Restaraunts,"Sunday, July 05, 2026",$45.61,Spitz,Apple card
Restaraunts,"Monday, July 06, 2026",$30.00,Starbucks,Apple card
Restaraunts,"Tuesday, July 07, 2026",$30.00,Starbucks,Apple card
Miscellaneous,"Tuesday, July 07, 2026",$2.50,MASABI,Apple card
Restaraunts,"Thursday, July 09, 2026",$13.82,Subway,Apple card
Restaraunts,"Friday, July 10, 2026",$19.27,Chick-fil-A,Apple card
Restaraunts,"Saturday, July 11, 2026",$15.73,Spitz,Apple card
Restaraunts,"Monday, July 13, 2026",$35.00,Starbucks,Apple card
Restaraunts,"Monday, July 13, 2026",$30.00,Starbucks,Apple card
,"Monday, July 13, 2026",$2.15,Nayax,Apple card
,"Monday, July 13, 2026",$1.90,Nayax,Apple card
,"Monday, July 13, 2026",$1.90,Nayax,Apple card
Groceries,"Monday, July 13, 2026",$2.35,Vending Machine,Apple card
Restaraunts,"Tuesday, July 14, 2026",$9.09,Sonic,Apple card
Groceries,"Tuesday, July 14, 2026",$320.93,Target,Apple card
Restaraunts,"Wednesday, July 15, 2026",$10.12,Eva's Bakery,Apple card
Restaraunts,"Wednesday, July 15, 2026",$36.32,Pizza Hut; delivery,Apple card
Subscriptions,"Thursday, July 16, 2026",$9.99,Apple,Apple card
Groceries,"Thursday, July 16, 2026",$13.06,Walgreens,Apple card
Miscellaneous,"Thursday, July 16, 2026",$2.50,MASABI,Apple card
Miscellaneous,"Friday, July 17, 2026",$2.50,MASABI,Apple card
Restaraunts,"Friday, July 17, 2026",$9.41,Tiger Sugar; boba,Apple card
Restaraunts,"Saturday, July 18, 2026",$36.85,Buffalo Wild Wings,Apple card
Restaraunts,"Saturday, July 18, 2026",$3.57,Sonic,Apple card
Restaraunts,"Sunday, July 19, 2026",$31.46,Spitz,Apple card
Subscriptions,"Monday, July 20, 2026",$6.43,Apple,Apple card
Restaraunts,"Monday, July 20, 2026",$15.94,Sonic,Apple card
Subscriptions,"Tuesday, July 21, 2026",$21.48,Disney plus,Apple card
Miscellaneous,"Wednesday, July 22, 2026",$2.50,MASABI,Apple card
Groceries,"Saturday, July 25, 2026",$7.58,Walgreens,Apple card
Subscriptions,"Saturday, July 25, 2026",$4.29,Blink,Apple card
Subscriptions,"Sunday, July 26, 2026",$11.81,Apple,Apple card
Uber,"Tuesday, July 28, 2026",$9.35,Lyft,debit Silvia
,"Tuesday, July 28, 2026",$3.00,Venmo,debit Silvia
Restaraunts,"Tuesday, July 28, 2026",$35.02,Vertical Diner,debit Silvia
Uber,"Wednesday, July 29, 2026",$25.91,Lyft,debit Silvia
Dentist,"Monday, July 27, 2026",$44.00,Alta Canyon Dental; cement on Preston's permanent retainer right side end,credit card
Groceries,"Tuesday, July 28, 2026",$5.45,Walgreens,credit card
Gas car,"Wednesday, July 29, 2026",$58.12,Sams gas,credit card
Groceries,"Wednesday, July 29, 2026",$14.71,Walgreens,credit card
Restaraunts,"Sunday, July 26, 2026",$11.80,Taco Bell,Apple card
Miscellaneous,"Tuesday, July 28, 2026",$2.50,MASABI,Apple card
Restaraunts,"Tuesday, July 28, 2026",$23.08,Krispy Kreme,Apple card
Miscellaneous,"Wednesday, July 29, 2026",$12.50,MASABI,Apple card
Phone bill initial,"Friday, July 17, 2026",$308.54,Tmobile,debit joint
Rent,"Saturday, August 01, 2026","$1,650.25",Dry Creek Apartments; Redstone,debit joint
Medical,"Saturday, August 08, 2026",$6.60,Labcorp of America; primary doctor blood test before appendix surgery,credit card
Groceries,"Saturday, August 01, 2026",$31.14,Seoul Market,credit card
Groceries,"Saturday, August 01, 2026",$25.99,Trader Joe's,credit card
Groceries,"Monday, August 03, 2026",$7.37,Target,credit card
Groceries,"Tuesday, August 04, 2026",$64.47,Sams,credit card
Groceries,"Wednesday, August 05, 2026",$4.32,Target,credit card
Gas car,"Thursday, August 06, 2026",$52.77,Sams gas,credit card
Gas car,"Thursday, August 06, 2026",$11.66,Maverik,credit card
Groceries,"Thursday, August 06, 2026",$26.77,Sams,credit card
,"Friday, August 07, 2026",$5.09,Amazon,credit card
,"Friday, August 07, 2026",$13.96,Amazon,credit card
,"Monday, August 03, 2026",$100.00,Zelle to Jazmin,debit Silvia
Gas bill,"Monday, August 03, 2026",$19.22,Enbridge Gas,debit Silvia
Uber,"Monday, August 03, 2026",$13.96,Lyft,debit Silvia
,"Monday, August 03, 2026",$10.00,Venmo,debit Silvia
Miscellaneous,"Saturday, August 01, 2026",$4.65,Lime; bike,Apple card
Dog Treats,"Saturday, August 01, 2026",$23.70,Rocky Mountain Bully,Apple card
Miscellaneous,"Saturday, August 01, 2026",$10.83,Lime; 2 bikes,Apple card
Restaraunts,"Saturday, August 01, 2026",$10.06,McDonald's,Apple card
Restaraunts,"Sunday, August 02, 2026",$27.11,Cafe Rio,Apple card
Miscellaneous,"Thursday, August 06, 2026",$15.00,MASABI,Apple card
Restaraunts,"Friday, August 07, 2026",$3.27,Subway,Apple card
Groceries,"Friday, August 07, 2026",$2.87,Walgreens,Apple card
Car Loan,"Tuesday, August 11, 2026",$250.00,America First Credit Union; car loan for first payment of Aug 2026,debit joint
Spay,"Monday, August 10, 2026",$271.53,Spay Neuter of SLC,credit card
Groceries,"Tuesday, August 11, 2026",$91.83,Walmart,credit card
Groceries,"Wednesday, August 12, 2026",$8.49,"Rancho Market; Tres leches cake, one pan dulce",credit card
Groceries,"Wednesday, August 12, 2026",$19.04,Rancho Market; tamales and peppers,credit card
,"Monday, August 10, 2026",$10.00,Venmo,debit Silvia
Groceries,"Saturday, August 08, 2026",$12.14,Walgreens,credit card
House,"Saturday, August 08, 2026",$8.60,HomeGoods,credit card
Groceries,"Sunday, August 16, 2026",$28.25,Smith's,credit card
Restaraunts,"Saturday, August 08, 2026",$79.96,KOU BBQ,credit card
Groceries,"Sunday, August 09, 2026",$22.38,Target,credit card
,"Tuesday, August 11, 2026",$8.35,Amazon,credit card
Groceries,"Thursday, August 13, 2026",$2.05,Smith's,credit card
Groceries,"Thursday, August 13, 2026",$8.32,Smith's,credit card
Gas car,"Sunday, August 16, 2026",$57.85,Sams gas,credit card
Groceries,"Sunday, August 16, 2026",$8.73,Trader Joe's,credit card
Groceries,"Sunday, August 16, 2026",$12.47,Trader Joe's,credit card
,"Wednesday, August 19, 2026",$15.03,Amazon,credit card
Groceries,"Tuesday, August 18, 2026",$5.15,Walgreens,credit card
Citizenship Application,"Wednesday, August 19, 2026","$1,000.00",Monument Immigration; Mark lawyer fee returning customer,credit card
Phone bill initial,"Monday, August 17, 2026",$311.57,Tmobile,debit joint
Groceries,"Wednesday, August 19, 2026",$16.58,Urban Groceries,debit Silvia
Groceries,"Thursday, August 20, 2026",$11.47,Sams,credit card
Groceries,"Thursday, August 20, 2026",$13.46,Walgreens,credit card
Groceries,"Saturday, August 22, 2026",$15.75,Target,credit card
Pet Insurance,"Sunday, August 23, 2026",$45.79,Spot Pet Insurance; renewed automatically annual policy,credit card
Car Loan,"Monday, August 24, 2026",$250.00,America First Credit Union; car loan for second payment of Aug 2026,debit joint
,"Sunday, August 23, 2026",$16.11,Amazon,credit card
Gas car,"Monday, August 24, 2026",$58.14,Sams gas,credit card
Groceries,"Monday, August 24, 2026",$44.74,Walmart,credit card
Groceries,"Tuesday, August 25, 2026",$8.02,Walgreens,credit card
Dates,"Saturday, August 29, 2026",$7.59,Five Below,credit card
Dates,"Saturday, August 29, 2026",$10.75,Five Below,credit card
Birthday Gifts,"Saturday, August 29, 2026",$10.83,Grand American Retail; mini Tangled book for Jazmin,credit card
Groceries,"Sunday, August 30, 2026",$15.57,Target,credit card
Groceries,"Sunday, August 30, 2026",$30.62,Sams,credit card
Restaraunts,"Saturday, August 08, 2026",$10.25,Chick-fil-A,Apple card
Restaraunts,"Sunday, August 09, 2026",$16.27,Cafe Rio,Apple card
Restaraunts,"Monday, August 10, 2026",$33.15,Spitz,Apple card
Restaraunts,"Wednesday, August 12, 2026",$15.50,Chick-fil-A,Apple card
Restaraunts,"Friday, August 14, 2026",$12.99,Sonic ,Apple card
Subscriptions,"Sunday, August 16, 2026",$9.99,Apple,Apple card
Restaraunts,"Monday, August 17, 2026",$27.11,Cafe Rio,Apple card
Restaraunts,"Wednesday, August 19, 2026",$30.00,Starbucks,Apple card
Restaraunts,"Wednesday, August 19, 2026",$52.87,R and R BBQ,Apple card
Groceries,"Wednesday, August 19, 2026",$24.51,Target,Apple card
Groceries,"Wednesday, August 19, 2026",$35.74,Target,Apple card
Miscellaneous,"Thursday, August 20, 2026",$12.50,MASABI,Apple card
Subscriptions,"Friday, August 21, 2026",$2.14,Apple,Apple card
Subscriptions,"Friday, August 21, 2026",$21.48,Disney plus,Apple card
Restaraunts,"Friday, August 21, 2026",$39.33,The Habit,Apple card
Groceries,"Saturday, August 22, 2026",$10.91,Walgreens,Apple card
Restaraunts,"Sunday, August 23, 2026",$10.06,McDonald's,Apple card
Restaraunts,"Monday, August 24, 2026",$27.11,Cafe Rio,Apple card
Subscriptions,"Tuesday, August 25, 2026",$4.29,Blink,Apple card
Restaraunts,"Thursday, August 27, 2026",$10.93,Subway,Apple card
Groceries,"Thursday, August 27, 2026",$14.20,Walgreens,Apple card
Restaraunts,"Thursday, August 27, 2026",$13.76,Taco Bell,Apple card
Groceries,"Friday, August 28, 2026",$5.19,Walgreens,Apple card
Restaraunts,"Saturday, August 29, 2026",$15.73,Spitz,Apple card
Restaraunts,"Monday, August 31, 2026",$26.02,Buffalo Wild Wings,Apple card
Rent,"Monday, September 01, 2026","$1,663.52",Dry Creek Apartments Greystar; included 25 parking fee + 45 pet rent,debit joint
,"Tuesday, September 01, 2026",$370.80,Legacy Towing,credit card
Medical,"Saturday, September 05, 2026",$542.52,Rayus Radiology; CT scan balance,debit Preston
Electricity bill,"Saturday, September 05, 2026",$83.46,Rocky Mountain Power,debit Preston
Medical,"Saturday, September 05, 2026",$7.14,CareNow Urgent Care; balance for nosebleed,credit card
Groceries,"Thursday, September 03, 2026",$7.40,Target,credit card
Gas car,"Thursday, September 03, 2026",$41.06,Sams gas; fill up rental car,credit card
,"Thursday, September 03, 2026",$11.81,Marshalls,credit card
,"Thursday, September 03, 2026",$13.96,Marshalls,credit card
Restaraunts,"Friday, September 04, 2026",$15.15,Little Caesars,credit card
Gas car,"Friday, September 04, 2026",$7.99,Sams gas; top off rental car,credit card
Dog Stuff,"Friday, September 04, 2026",$12.32,Petco,credit card
Groceries,"Tuesday, September 01, 2026",$5.12,Walgreens,debit joint
Car Maintenance,"Friday, September 04, 2026",$217.65,Tim Dahle Nissan; replace coolant thermometer and gasket,debit joint
,"Tuesday, September 01, 2026",$100.00,Venmo,debit Silvia
Uber,"Wednesday, September 02, 2026",$3.19,Lyft,debit Silvia
Gas bill,"Friday, September 04, 2026",$20.65,Enbridge Gas,debit Silvia
Miscellaneous,"Sunday, September 06, 2026",$26.11,Kohls; baby stuff,credit card
Gas car,"Sunday, September 06, 2026",$57.28,Sams gas,credit card
Miscellaneous,"Sunday, September 06, 2026",$8.06,Dollar Tree,credit card
Groceries,"Sunday, September 06, 2026",$36.89,Trader Joes,credit card
Groceries,"Tuesday, September 08, 2026",$19.12,Target,credit card
Restaraunts,"Monday, September 07, 2026",$34.79,Mr Rice,credit card
Birthday Gifts,"Monday, September 07, 2026",$6.45,Dollar Tree,credit card
Groceries,"Monday, September 07, 2026",$11.81,Trader Joes,credit card
Groceries,"Monday, September 07, 2026",$3.61,Walgreens,credit card
Groceries,"Tuesday, September 08, 2026",$19.12,Target,credit card
Restaraunts,"Wednesday, September 09, 2026",$47.10,Myung Ga,credit card
,"Wednesday, September 09, 2026",$25.77,Ross,credit card
Dog Stuff,"Thursday, September 10, 2026",$8.57,Marshalls; dog wipes,credit card
Groceries,"Thursday, September 10, 2026",$6.67,Walgreens,credit card
,"Wednesday, September 09, 2026",$14.00,Venmo,debit Silvia
,"Wednesday, September 09, 2026",$5.00,Venmo,debit Silvia
Tithing ,"Friday, September 11, 2026",$495.16,The Church,debit Preston
Car Loan,"Tuesday, September 15, 2026",$250.00,America First Credit Union; car loan for first payment of Sep 2026,debit joint
TRAX train,"Tuesday, September 01, 2026",$2.50,MASABI,Apple card
TRAX train,"Wednesday, September 02, 2026",$2.50,MASABI,Apple card
Restaraunts,"Thursday, September 03, 2026",$11.26,Subway,Apple card
Groceries,"Thursday, September 03, 2026",$3.61,Walgreens,Apple card
TRAX train,"Thursday, September 03, 2026",$2.50,MASABI,Apple card
Dog Stuff,"Friday, September 04, 2026",$25.79,Petco,Apple card
Subscriptions,"Friday, September 04, 2026",$12.88,Apple,Apple card
TRAX train,"Friday, September 04, 2026",$2.50,MASABI,Apple card
Restaraunts,"Saturday, September 05, 2026",$13.71,Chick-fil-A,Apple card
Dog Stuff,"Saturday, September 05, 2026",$26.94,Rocky Moutain Bully,Apple card
Restaraunts,"Saturday, September 05, 2026",$9.22,Sonic,Apple card
Beauty,"Saturday, September 05, 2026",$39.58,Sephora,Apple card
Restaraunts,"Sunday, September 06, 2026",$7.26,McDonalds,Apple card
Miscellaneous,"Sunday, September 06, 2026",$14.09,Five Below,Apple card
Restaraunts,"Monday, September 07, 2026",$3.36,Mr Rice,Apple card
TRAX train,"Tuesday, September 08, 2026",$2.50,MASABI,Apple card
TRAX train,"Wednesday, September 09, 2026",$5.00,MASABI,Apple card
TRAX train,"Thursday, September 10, 2026",$2.50,MASABI,Apple card
Groceries,"Thursday, September 10, 2026",$4.49,Urban Groceries,Apple card
TRAX train,"Friday, September 11, 2026",$2.50,MASABI,Apple card
Beauty,"Saturday, September 12, 2026",$78.65,Sephora,Apple card
Dog Stuff,"Saturday, September 12, 2026",$5.39,Rocky Mountain Bully,Apple card
Restaraunts,"Saturday, September 12, 2026",$24.04,Hamingway Cafe; gyro and potatoes,Apple card
Restaraunts,"Saturday, September 12, 2026",$16.25,Chick-fil-A,Apple card
Restaraunts,"Saturday, September 12, 2026",$4.64,Sonic,Apple card
Phone bill initial,"Thursday, September 17, 2026",$311.57,Tmobile,debit joint
,"Monday, September 14, 2026",$11.33,Venmo,debit Silvia
,"Monday, September 14, 2026",$6.00,Venmo,debit Silvia
,"Monday, September 14, 2026",$5.50,Venmo,debit Silvia
Birthday Gifts,"Tuesday, September 15, 2026",$18.00,Zelle to Mia; pins for Jazmin,debit Silvia
Groceries,"Saturday, September 12, 2026",$13.95,Volker's Bakery; chile cheese loaf,credit card
Restaraunts,"Saturday, September 12, 2026",$17.45,Makaya,credit card
Groceries,"Sunday, September 13, 2026",$43.91,Target,credit card
Miscellaneous,"Saturday, September 12, 2026",$10.00,Peery Lot; parking to go to SLC downtown farmers market,credit card
Gas car,"Sunday, September 13, 2026",$64.39,Sams gas,credit card
Miscellaneous,"Sunday, September 13, 2026",$18.43,Krispy Kreme,credit card
Groceries,"Tuesday, September 15, 2026",$20.92,Target,credit card
Miscellaneous,"Tuesday, September 15, 2026",$53.31,Starbucks; Snoopy merch,credit card
Groceries,"Wednesday, September 16, 2026",$124.42,Sams,credit card
Medical,"Wednesday, September 16, 2026",$370.38,Utah Emergency Physicians,credit card
Medical,"Friday, September 25, 2026",$96.21,Mountain West Anesthesia,debit joint
,"Tuesday, September 22, 2026",$16.00,Venmo,debit Silvia
Groceries,"Sunday, September 20, 2026",$13.57,Target,credit card
Groceries,"Sunday, September 20, 2026",$39.41,Walmart,credit card
Groceries,"Sunday, September 20, 2026",$30.32,Trader Joes,credit card
Gas car,"Monday, September 21, 2026",$64.23,Sams gas,credit card
Groceries,"Tuesday, September 22, 2026",$23.96,Target,credit card
Groceries,"Tuesday, September 22, 2026",$37.49,Trader Joes,credit card
Pet Insurance,"Wednesday, September 23, 2026",$45.79,Spot Pet Insurance,credit card
,"Thursday, September 24, 2026",$16.11,Amazon,credit card
Car Loan,"Tuesday, September 29, 2026",$250.00,America First Credit Union; car loan for second payment of Sep 2026,debit joint
Restaraunts,"Sunday, September 13, 2026",$15.51,Sonic,Apple card
TRAX train,"Monday, September 14, 2026",$2.50,MASABI,Apple card
TRAX train,"Tuesday, September 15, 2026",$2.50,MASABI,Apple card
Subscriptions,"Wednesday, September 16, 2026",$9.99,Apple,Apple card
Groceries,"Wednesday, September 16, 2026",$12.84,Urban Groceries,Apple card
Restaraunts,"Thursday, September 17, 2026",$30.00,Starbucks,Apple card
TRAX train,"Thursday, September 17, 2026",$2.50,MASABI,Apple card
Restaraunts,"Thursday, September 17, 2026",$17.33,Five Guys,Apple card
Dog Stuff,"Thursday, September 17, 2026",$17.19,PetSmart,Apple card
Restaraunts,"Friday, September 18, 2026",$24.49,Wingstop,Apple card
Dates,"Friday, September 18, 2026",$210.00,Ballet West; Nutcracker 2 tickets,Apple card
Restaraunts,"Sunday, September 20, 2026",$42.59,Olive Garden,Apple card
Subscriptions,"Monday, September 21, 2026",$2.14,Apple,Apple card
Restaraunts,"Monday, September 21, 2026",$16.13,Chick-fil-A,Apple card
Groceries,"Monday, September 21, 2026",$3.03,Walgreens,Apple card
TRAX train,"Monday, September 21, 2026",$2.50,MASABI,Apple card
Subscriptions,"Monday, September 21, 2026",$21.48,Disney plus,Apple card
Restaraunts,"Tuesday, September 22, 2026",$6.17,Chick-fil-A,Apple card
Groceries,"Thursday, September 24, 2026",$10.79,Walgreens,Apple card
TRAX train,"Thursday, September 24, 2026",$2.50,MASABI,Apple card
Subscriptions,"Friday, September 25, 2026",$4.29,Blink,Apple card
Miscellaneous,"Friday, September 25, 2026",$10.81,Anthropologie; keychain bag,Apple card
TRAX train,"Friday, September 25, 2026",$2.50,MASABI,Apple card
Restaraunts,"Friday, September 25, 2026",$47.59,Senor Pollo,Apple card
TRAX train,"Saturday, September 26, 2026",$2.50,MASABI,Apple card
Groceries,"Saturday, September 26, 2026",$3.08,Target,credit card
Groceries,"Saturday, September 26, 2026",$15.42,Target,credit card
Gas car,"Sunday, September 27, 2026",$51.92,Sams gas,credit card
Groceries,"Sunday, September 27, 2026",$4.72,7-Eleven; Park City gum and water bottle,credit card
Restaraunts,"Sunday, September 27, 2026",$34.30,Raising Cane's,credit card
Restaraunts,"Monday, September 28, 2026",$9.16,Cakes by Edith,credit card
Restaraunts,"Monday, September 28, 2026",$17.32,Little Caesars,credit card